<?xml version="1.0" encoding="UTF-8"?>
<beans  xmlns="http://www.springframework.org/schema/beans"  
    xmlns:xsi="http://www.w3.org/2001/XMLSchema-instance"  
    xsi:schemaLocation="http://www.springframework.org/schema/beans  
    http://www.springframework.org/schema/beans/spring-beans-4.0.xsd"> 
    <bean id="eob" class="com.edu.Employee">
    <property name="empid" value="12"></property>
    <property name="empname" value="siva"></property>
    <property name="empsal" value="4000"></property>
    </bean>
     <bean id="eob1" class="com.edu.Employee">
    <property name="empid" value="13"></property>
    <property name="empname" value="nirmala"></property>
    <property name="empsal" value="4000"></property>
    </bean>
    </beans>