<?xml version="1.0" encoding="UTF-8"?>
<beans  xmlns="http://www.springframework.org/schema/beans"  
    xmlns:xsi="http://www.w3.org/2001/XMLSchema-instance"  
    xsi:schemaLocation="http://www.springframework.org/schema/beans  
    http://www.springframework.org/schema/beans/spring-beans-4.0.xsd"> 
    <bean id="s" class="com.edu.Student">
    <property name="name" value="siva"></property>
    <property name="id" value="12"></property>
    <property name="fees" value="4000"></property>
    </bean>
     <bean id="s1" class="com.edu.Student">
    <property name="name" value="nirmala"></property>
    <property name="id" value="13"></property>
    <property name="fees" value="4000"></property>
    </bean>
    </beans>