<?xml version="1.0" encoding="UTF-8"?>
<beans  xmlns="http://www.springframework.org/schema/beans"  
    xmlns:xsi="http://www.w3.org/2001/XMLSchema-instance"  
    xsi:schemaLocation="http://www.springframework.org/schema/beans  
    http://www.springframework.org/schema/beans/spring-beans-4.0.xsd">
    <bean id="helloworld" class="com.edu.HelloWorld">
    <property name="message1" value="Hello World"/>
    <property name="message2" value="Hello Second World"/>
    </bean>
    
    <bean id="helloIndia" class="com.edu.HelloIndia" parent="helloworld">
    <property name="message1" value="Hello India"/>
    <property name="message3" value="jai India"/>
    </bean>
    </beans>