<?xml version="1.0" encoding="UTF-8"?>
<beans  xmlns="http://www.springframework.org/schema/beans"  
    xmlns:xsi="http://www.w3.org/2001/XMLSchema-instance"  
    xsi:schemaLocation="http://www.springframework.org/schema/beans  
    http://www.springframework.org/schema/beans/spring-beans-4.0.xsd"> 
    <bean id="dem" class="com.edu.Employee">
    <constructor-arg value="siva" type="String"></constructor-arg>
    <constructor-arg value="123" type="int"></constructor-arg>
    <constructor-arg value="15000.90" type="float"></constructor-arg></bean>
    </beans>