<?xml version="1.0" encoding="UTF-8"?>
<beans  xmlns="http://www.springframework.org/schema/beans"  
    xmlns:xsi="http://www.w3.org/2001/XMLSchema-instance"  
    xsi:schemaLocation="http://www.springframework.org/schema/beans  
    http://www.springframework.org/schema/beans/spring-beans-4.0.xsd"> 
 <!-- <bean id="human" class="com.edu.Human" autowire="byName"></bean>--> 
    <!--<bean id="human" class="com.edu.Human" autowire="byType"></bean>-->
    <bean id="human" class="com.edu.Human" autowire="constructor">
    </bean>
    <bean id="heart" class="com.edu.Heart">
    </bean>
    </beans>